date,commits,lines,dpv,grade
2025-08-06,5,5479,100,A+
2025-08-07,4,1404,40,F
2025-08-08,11,1260,36,F
2025-08-09,2,10000,100,A+
2025-08-12,2,5518,100,A+
2025-08-13,5,2687,77,C+
2025-08-14,56,2339,67,D
2025-08-15,7,159,5,F
2025-08-16,2,688,20,F
2025-08-17,8,1203,34,F
2025-08-18,1,0,0,—
2025-08-20,7,3707,100,A+
2025-08-21,23,3411,97,A+
2025-08-22,3,6028,100,A+
2025-08-23,2,19,1,F
2025-08-25,4,5694,100,A+
2025-08-26,2,837,24,F
2025-08-27,4,24157,100,A+
2025-08-28,2,143,4,F
2025-08-29,1,2084,60,D
2025-09-01,3,8991,100,A+
2025-09-02,2,1390,40,F
2025-09-03,1,3300,94,A
2025-09-04,2,2160,62,D
2025-09-05,1,0,0,—
2025-09-08,2,10170,100,A+
2025-09-09,1,2685,77,C+
2025-09-12,3,10301,100,A+
2025-09-13,1,2796,80,B
2025-09-14,1,7226,100,A+
2025-09-15,1,2786,80,B
2025-09-19,2,13024,100,A+
2025-09-23,2,5646,100,A+
2025-09-24,1,4301,100,A+
2025-10-07,2,10074,100,A+
2025-10-10,1,0,0,—
2025-10-12,1,10000,100,A+
2025-10-13,1,4431,100,A+
2025-10-14,13,16150,100,A+
2025-10-15,5,11973,100,A+
2025-10-16,4,16194,100,A+